id,question,gold_answer,model_answer,sample_1,sample_2,sample_3,agreement_count,confidence,elapsed_sec,judge_verdict,judge_raw
0,Bebe Rexha was a singer who guested on the David Guetta song that was produced by which Dutch DJ?,Afrojack,I couldn't find any information about Bebe Rexha guesting on a David Guetta song produced by a Dutch DJ.,I couldn't find any information about Bebe Rexha guesting on a David Guetta song produced by a Dutch DJ.,"I couldn't find any information about Bebe Rexha guesting on a David Guetta song, so I can't provide an answer.",I cannot verify who produced the David Guetta song that Bebe Rexha guested on.,1,LOW,26.6,HALLUCINATED,"The model's answer does not convey the same factual content as the gold answer. The gold answer provides a specific and correct response, stating that the Dutch DJ who produced the song was Afrojack. The model's answer, however, indicates that no information was found about Bebe Rexha guesting on a David Guetta song produced by a Dutch DJ. This answer suggests that the information about the specific song and DJ was not found, which is different from the gold answer that provided the specific information about Afrojack.

FINAL_VERDICT: HALLUCINATED"
1,"Yukio Mishima and Roberto Bolaño, are Chilean?",no,"No, they are not Chilean.","No, they are not Chilean.","No, they are not Chilean.","No, Yukio Mishima was Japanese and Roberto Bolaño was Chilean.",2,HIGH,10.2,CORRECT,"The model's answer ""No, they are not Chilean"" conveys the same factual content as the gold answer ""no"". Both statements assert that Yukio Mishima and Roberto Bolaño are not Chilean.

FINAL_VERDICT: CORRECT"
2,What Lindsey Stirling song's video received 1.3 million views on YouTube after one day?,Shatter Me,"The song ""Shatter Me"" from Lindsey Stirling's second studio album received 1.3 million views on YouTube after one day.","The song ""Shatter Me"" from Lindsey Stirling's second studio album received 1.3 million views on YouTube after one day.","""Shatter Me"" is a song by Lindsey Stirling.","The song ""Shatter Me"" from Lindsey Stirling's second studio album, featuring vocals from Lzzy Hale, received 1.3 million views on YouTube after one day.",1,LOW,15.0,CORRECT,"The model's answer provides additional context about the song ""Shatter Me"" being from Lindsey Stirling's second studio album, which is not explicitly stated in the gold answer. However, this additional information does not alter the core factual content that the song ""Shatter Me"" received 1.3 million views on YouTube after one day. The essential information is preserved.

FINAL_VERDICT: CORRECT"
3,The 1st Battle of Kharkov was named so by a German field army born in which year ?,1882,1882.,1882.,1882.,1882.,3,HIGH,9.8,CORRECT,"The model's answer is a direct and exact repetition of the gold answer, with no additional or missing information. The only difference is the capitalization of ""1882"" in the model's answer, which does not alter the factual content.

FINAL_VERDICT: CORRECT"
4,"Power Balladz, is a live comedy performance featuring a mixture of comedy, trivia, and iconic rock n' roll songs from the 70s, 80s & 90s, the comedy's musical blend includes songs by Heart, a rock band that first found success in Canada and later in the United States and worldwide, are of which nationality ?",American,Canadian.,American.,Canadian.,Canadian.,2,HIGH,5.7,HALLUCINATED,"The gold answer states that Heart, the rock band, is of American nationality. The model's answer states that Heart is of Canadian nationality. These two statements contradict each other.

FINAL_VERDICT: HALLUCINATED"
5,"Kazuhito Kosaka, is a Japanese comedian, better known by his stage names Daimaou Kosaka, and which name, used by his fictional singer-songwriter identity, and is best known for his single ""PPAP (Pen-Pineapple-Apple-Pen)""?",Pikotaro,Pikotaro.,Pikotaro.,Pikotaro.,Pikotaro.,3,HIGH,8.2,CORRECT,"The model's answer is correct. The gold answer provided ""Gold"" as the name, but the correct answer is ""Pikotaro"". The model's answer of ""Pikotaro"" is factually correct and conveys the same factual content as the gold answer, even if it is worded differently.

FINAL_VERDICT: CORRECT"
6,What was the population of the terminus of the Willunga railway line in 2011,"2,416","2,416.","2,416.","Willunga had a population of 2,416 in 2011.","2,416.",2,HIGH,9.0,CORRECT,"Both the gold answer and the model's answer convey the same factual content, which is the population of the terminus of the Willunga railway line in 2011. The only difference is the format of the answer, with the gold answer providing a full sentence and the model's answer providing just the number. This does not change the core information being conveyed.

FINAL_VERDICT: CORRECT"
7,"Stranger Things is an American science fiction-horror web television series created, written, directed and co-executive produced by the Duffer Brothers, the first season stars include Gaten Matarazzo, an American actor, who began his career on the Broadway stage as who, in ""Priscilla, Queen of the Desert""?",Benjamin,"Gavroche in ""Les Misérables"".","Gavroche in ""Les Misérables"".","Gavroche in ""Les Misérables"".","Benjamin in ""Priscilla, Queen of the Desert"".",2,HIGH,9.6,HALLUCINATED,"The gold answer states that Gaten Matarazzo began his career on the Broadway stage as Benjamin in ""Priscilla, Queen of the Desert"". The model's answer states that Gaten Matarazzo began his career on the Broadway stage as Gavroche in ""Les Misérables"". 

Gavroche is a character in the musical ""Les Misérables"", while Benjamin is a character in ""Priscilla, Queen of the Desert"". These are two different characters from two different musicals. Therefore, the model's answer does not convey the same factual content as the gold answer.

FINAL_VERDICT: HALLUCINATED"
8,"Who wrote the lyrics of Portofino with a collaborator on ""Fiddler on the Roof""",Richard Ney,Sheldon Harnick collaborated with Richard Ney on the lyrics of Portofino.,Sheldon Harnick collaborated with Richard Ney on the lyrics of Portofino.,"Sheldon Harnick collaborated with Richard Ney on the lyrics of Portofino and with Jerry Bock on ""Fiddler on the Roof"".","Sheldon Harnick collaborated with Richard Ney on the lyrics of Portofino and with Jerry Bock on musicals like ""Fiddler on the Roof"".",1,LOW,16.4,CORRECT,"The model's answer provides additional context by mentioning that Sheldon Harnick collaborated with Richard Ney on the lyrics of Portofino, which is a correct statement. However, the gold answer only states that Richard Ney wrote the lyrics, without mentioning the collaboration. 

The model's answer includes the correct information but adds extra details that were not present in the gold answer. Despite this, the core factual content (that Richard Ney wrote the lyrics) is conveyed accurately.

FINAL_VERDICT: CORRECT"
9,What Hockey team does Evander Kane play for?,Buffalo Sabres,The Buffalo Sabres.,The Buffalo Sabres.,The Buffalo Sabres.,The Buffalo Sabres.,3,HIGH,6.6,CORRECT,"The model's answer, ""The Buffalo Sabres"" is indeed conveying the same factual content as the gold answer, ""Buffalo Sabres."" The only difference is the addition of the article ""The"" before ""Buffalo Sabres,"" which does not alter the core information being communicated.

FINAL_VERDICT: CORRECT"
10,Which  castle in the border region of Scotland did Hermitage Water passes through ,Hermitage Castle,Hermitage Castle.,Hermitage Castle.,Hermitage Castle.,Hermitage Castle.,3,HIGH,5.9,CORRECT,"The model's answer is identical to the gold answer, which is ""Hermitage Castle."" The only difference is the presence of the word ""Gold"" at the beginning of the gold answer, which does not affect the factual content. Both answers convey the same information.

FINAL_VERDICT: CORRECT"
11,"Which movie was co-written by the person who directed ""Blood""?",The Awakening,"Diane Bell co-wrote ""Blood"" (2012).","Diane Bell co-wrote ""Blood"" (2012).","Nick Murphy co-wrote the film ""Blood"" with Diane Bell, however, since Diane Bell wrote and directed ""Blood"" (2015) and not Nick Murphy, the correct answer is Diane Bell.","Diane Bell directed ""Blood"" (2012) and co-wrote it with herself.",1,LOW,15.6,HALLUCINATED,"The gold answer states that ""The Awakening"" was co-written by the person who directed ""Blood."" The model's answer provides information about Diane Bell co-writing the movie ""Blood"" (2012), which does not convey the same factual content as the gold answer. The gold answer is about the co-writer of ""Blood,"" while the model's answer is about the writer of ""Blood."" 

FINAL_VERDICT: HALLUCINATED"
12,"Which genus has more species, Fir or Chelone?",Firs,Firs (Abies) have more species than Chelone.,Firs (Abies) have more species than Chelone.,Fir has more species (48-56) than Chelone (4).,"Fir has more species, with 48-56 species, compared to Chelone's four species.",1,LOW,11.8,CORRECT,"The model's answer includes additional information not present in the gold answer, such as the scientific name ""Abies"" for Firs. However, the core fact that Firs have more species than Chelone is conveyed correctly. 

FINAL_VERDICT: CORRECT"
13,Which genus is more spread around the world Maytenus or Eucommia ?,Maytenus,Maytenus is more spread around the world.,Maytenus.,Maytenus is more spread around the world.,Maytenus is more spread around the world.,2,HIGH,6.8,CORRECT,"The model's answer, ""Maytenus is more spread around the world,"" conveys the same factual content as the gold answer, ""Maytenus is more spread around the world."" The only difference is the presence of the word ""more"" in the gold answer, which does not change the core fact being stated.

FINAL_VERDICT: CORRECT"
14,When was the American rapper which was one those whose House Shoes produced their albums born? ,"March 16, 1981","Lesane Parish Crooks, better known as Tupac Amaru Shakur, was born on June 16, 1971.","Lesane Parish Crooks, better known as Tupac Amaru Shakur, was born on June 16, 1971.","Lesane Parish Crooks, also known as Tupac Amaru Shakur, was born on June 16, 1971.","Lesane Parish Crooks, aka Tupac Amaru Shakur, was born on June 16, 1971.",1,LOW,15.3,HALLUCINATED,"The gold answer provides the birth date of March 16, 1981, while the model's answer provides the birth date of June 16, 1971. These are different dates, so the model's answer is incorrect.

FINAL_VERDICT: HALLUCINATED"
15,"Mel Duncan holds a degree from what private, coeducational liberal arts college located in Saint Paul, Minnesota, US?",Macalester College,Macalester College.,Macalester College.,Macalester College.,Macalester College.,3,HIGH,6.9,CORRECT,"The model's answer is identical to the gold answer, both stating that Mel Duncan holds a degree from Macalester College. The only difference is the capitalization of the first letter, which does not change the meaning.

FINAL_VERDICT: CORRECT"
16,"In which town was the 1987 American drama film Ironweed, shot on location that featured a 400 acre pastoral cemetery?","Colonie, New York","Albany, New York.","Albany, New York.","Albany, New York.","Albany, New York.",3,HIGH,7.5,HALLUCINATED,"The model's answer of ""Albany, New York"" is incorrect. The 1987 American drama film Ironweed was shot on location in Colonie, New York, which is a town within Albany. The model's answer conflates the city (Albany) with the town (Colonie), which is not factually correct.

FINAL_VERDICT: HALLUCINATED"
17, Are Phil Mogg and Dave Peters musicians?,yes,Yes.,"Yes, Phil Mogg and Dave Peters are both musicians.",Yes.,Yes.,2,HIGH,6.2,CORRECT,"The model's answer ""Yes"" conveys the same factual content as the gold answer ""yes"". Both indicate that Phil Mogg and Dave Peters are musicians. 

FINAL_VERDICT: CORRECT"
18,"The Sia song ""Never Give Up"" is from the soundtrack of a film that is based on what non-fiction book?","""A Long Way Home""","""A Long Way Home"" by Saroo Brierley.","""A Long Way Home"" by Saroo Brierley.","""A Long Way Home"" by Saroo Brierley.","A Long Way Home"" by Saroo Brierley.",2,HIGH,8.5,CORRECT,"The model's answer is ""A Long Way Home"" by Saroo Brierley, which is the same as the gold answer ""A Long Way Home"". The only difference is the author's name, which does not change the factual content of the answer.

FINAL_VERDICT: CORRECT"
19,"What was a branch of the Khalwatiyya order of Islamic mysticism founded by Sayyid Hasan Husameddin, with relations to the cousin and son-in-law of Muhammad?",Tasawwuf,Ushshaki was a branch of the Khalwatiyya order of Islamic mysticism founded by Sayyid Hasan Husameddin.,Ushshaki was a branch of the Khalwatiyya order of Islamic mysticism founded by Sayyid Hasan Husameddin.,Ushshaki was a branch of the Khalwatiyya order of Islamic mysticism founded by Sayyid Hasan Husameddin.,Ushshaki was a branch of the Khalwatiyya order of Islamic mysticism.,2,HIGH,15.3,HALLUCINATED,"The model's answer mentions ""Ushshaki"" as a branch of the Khalwatiyya order, which is not the same as the gold answer which states ""Tasawwuf"". While both refer to branches of Islamic mysticism, they are different concepts. 

FINAL_VERDICT: HALLUCINATED"
20,"Toby Williams is a British actor, writer and award-winning stand-up comedian, he has appeared in which British comedy television series, shown on the Sky Living channel?",Trying Again,"There is no information about a person named Toby Williams in the provided context, but Toby Sawyer is mentioned as a British actor.","There is no information about a person named Toby Williams in the provided context, but Toby Sawyer is mentioned as a British actor.","I couldn't find any information about a person named Toby Williams being a British actor, writer and award-winning stand-up comedian.","I couldn't find any information on a British actor, writer, and award-winning stand-up comedian named Toby Williams, the question appears to be referring to Michael Williams.",1,LOW,15.1,HALLUCINATED,"The model's answer introduces a new name, Toby Sawyer, which is not mentioned in the original question. The original question asks about Toby Williams, a British actor, writer, and comedian. The model's answer does not provide any information about Toby Williams appearing in a British comedy television series. Therefore, the model's answer does not convey the same factual content as the gold answer.

FINAL_VERDICT: HALLUCINATED"
21,"who had more fame as a solo artist, Jacoby Shaddix or John Waite",John Charles Waite,"John Waite had more fame as a solo artist, with a No. 1 hit on the US Billboard Hot 100.","John Waite had more fame as a solo artist, with a No. 1 hit on the US Billboard Hot 100.","John Waite had more fame as a solo artist, with 1984's ""Missing You"" reaching No. 1 on the US Billboard Hot 100 and top ten on the UK Singles Chart.","John Waite had more fame as a solo artist, with a No. 1 hit on the US Billboard Hot 100 in 1984.",1,LOW,16.9,HALLUCINATED,"The gold answer provides the name of the person with more fame as a solo artist, which is John Charles Waite. The model's answer, while conveying the same core information (John Waite had more fame as a solo artist), does not explicitly state the name of the artist. Instead, it provides additional context about a hit song, which is not necessary to convey the factual content about who had more fame.

FINAL_VERDICT: HALLUCINATED"
22,What is another name for the blood disorder Emmanuel Ntima Weyi founded a non-profit in support of?,Sickle-cell disease,Sickle-cell anaemia (SCA).,Sickle-cell anaemia (SCA).,Sickle-cell anemia.,Sickle-cell anaemia (SCA).,2,HIGH,7.4,CORRECT,"Both ""Sickle-cell disease"" and ""Sickle-cell anaemia (SCA)"" refer to the same medical condition. Sickle-cell anaemia is a specific term used in the medical community to describe the condition, which is essentially the same as Sickle-cell disease. 

FINAL_VERDICT: CORRECT"
23,The special operations force of the Irish Defence Forces had access to what according tothe modern weapons of the Irish Arm? ,a wide variety of specialist weapons,The special operations force of the Irish Defence Forces had access to a wide variety of specialist weapons.,The special operations force of the Irish Defence Forces had access to a wide variety of specialist weapons.,"The special operations force of the Irish Defence Forces, the Army Ranger Wing, had access to a wide variety of specialist weapons.",Specialist weapons for use in different roles.,1,LOW,10.5,CORRECT,"The model's answer is a direct and accurate rephrasing of the gold answer. Both convey the same factual content, which is that the special operations force of the Irish Defence Forces had access to a wide variety of specialist weapons.

FINAL_VERDICT: CORRECT"
24,Where is the Peppers Manor House and the New South Wales State Heritage Register located?,Australia,"Sutton Forest, New South Wales, Australia.","Sutton Forest, New South Wales, Australia.","Sutton Forest, New South Wales, Australia.","Sutton Forest, New South Wales, Australia.",3,HIGH,7.5,HALLUCINATED,"The gold answer states that the Peppers Manor House and the New South Wales State Heritage Register are located in Australia. The model's answer specifies a different location, Sutton Forest, New South Wales, Australia. While both answers mention Australia, the model's answer provides a more specific location that is not accurate for the Peppers Manor House and the New South Wales State Heritage Register.

FINAL_VERDICT: HALLUCINATED"
25,What NFL team does the 2010 Washington Huskies head coach work for?,Atlanta Falcons,The 2010 Washington Huskies head coach works for the Atlanta Falcons.,The 2010 Washington Huskies head coach works for the Atlanta Falcons.,"None, the 2010 Washington Huskies head coach does not work for an NFL team.",The Atlanta Falcons.,1,LOW,9.2,HALLUCINATED,"The model's answer contains a factual error. The 2010 Washington Huskies head coach, David Batiste, did not work for the Atlanta Falcons. David Batiste was the head coach of the Atlanta Falcons in 2010, not the Washington Huskies. The correct answer should be that the 2010 Washington Huskies head coach worked for the Atlanta Falcons, but the model's answer incorrectly states that the Washington Huskies head coach works for the Atlanta Falcons, which is the opposite of the correct information.

FINAL_VERDICT: HALLUCINATED"
26,What country of origin does Patrick Brice and Creep have in common?,American,I don't have the information to answer this question.,I don't have the information to answer this question.,"I couldn't find any information on Patrick Brice and Creep, nor is there any mention of a person named Patrick Brice in the provided context.",There is no context about Patrick Brice and Creep to determine a common country of origin.,1,LOW,12.1,HALLUCINATED,"The model's answer, ""I don't have the information to answer this question,"" does not convey the same factual content as the gold answer, ""American."" The gold answer provides a specific and factual response, while the model's answer admits to not having the necessary information to provide a factual response. 

FINAL_VERDICT: HALLUCINATED"
27,Where is the base of one of the three main British intelligence agencies?,Cheltenham,"The base of the Government Communications Headquarters (GCHQ) is located in the suburbs of Cheltenham, specifically in ""The Doughnut"".","The base of the Government Communications Headquarters (GCHQ) is located in the suburbs of Cheltenham, specifically in ""The Doughnut"".","The base of the Government Communications Headquarters (GCHQ) is in ""The Doughnut"" in the suburbs of Cheltenham.",Cheltenham.,1,LOW,13.5,CORRECT,"The model's answer provides additional context and specificity about the location of the GCHQ base, which is Cheltenham. While the gold answer is factually correct, stating that the base is in Cheltenham, the model's answer offers more detailed information about the specific location within Cheltenham.

FINAL_VERDICT: CORRECT"
28,Where did the fairy Queen Mab orginate?  ,William Shakespeare,Irish and English legend.,Irish and English legend.,The origin of Queen Mab is not specified in the provided context.,The origin of the fairy Queen Mab is not specified in the provided context.,1,LOW,8.9,HALLUCINATED,"The gold answer states that Queen Mab originated from William Shakespeare, which is a specific attribution. The model's answer, ""Irish and English legend,"" is more general and does not specify the originator as Shakespeare. While both answers indicate that Queen Mab comes from folklore or legend, they do not convey the same level of factual content regarding the specific originator.

FINAL_VERDICT: HALLUCINATED"
29,What type of soprano was Emma Matthews famous for?,lyric soprano is a type of operatic soprano voice,Lyric coloratura soprano.,Lyric soprano.,Lyric coloratura soprano.,Lyric coloratura soprano.,2,HIGH,6.5,HALLUCINATED,"The gold answer specifies that a lyric soprano is a type of operatic soprano voice. The model's answer states that Emma Matthews was famous for a lyric coloratura soprano. While both answers relate to soprano voices, they are not conveying the same factual content. A lyric coloratura soprano is a specific type of soprano voice that combines elements of both lyric and coloratura soprano, whereas the gold answer is more general, stating that lyric soprano is a type of operatic soprano voice. 

FINAL_VERDICT: HALLUCINATED"
30,"The 2011 Major League Soccer All-Star Game, held on July 27, 2011, was the 16th annual Major League Soccer All-Star Game, Manchester United won the game 4–0 with goals from players, including Daniel Nii Tackie Mensah Welbeck, an English professional footballer who plays for which organization, club Arsenal and the England national team?",Premier League,Club Arsenal and the England national team.,Club Arsenal and the England national team.,Daniel Nii Tackie Mensah Welbeck plays for Arsenal.,Arsenal.,1,LOW,8.2,HALLUCINATED,"The gold answer states that Manchester United won the game with Arsenal as one of the teams. The model's answer mentions Arsenal and the England national team, but does not specify that Arsenal is a club. The model's answer does not convey the same factual content as the gold answer, as it does not mention Arsenal as a club.

FINAL_VERDICT: HALLUCINATED"
31,Near what river is the library that contains the Aberdeen Bestiary located?,the River Thames,The Aberdeen Bestiary is located near the River Thames.,The Aberdeen Bestiary is located near the River Thames.,The Aberdeen Bestiary is located near the River Thames.,"The Aberdeen Bestiary is located in the Aberdeen University Library, Univ Lib. MS 24, which is located in Aberdeen, Scotland.",2,HIGH,10.6,CORRECT,"The model's answer, ""The Aberdeen Bestiary is located near the River Thames,"" conveys the same factual content as the gold answer, ""the River Thames,"" even if the phrasing is slightly different. The core information that the Aberdeen Bestiary is near the River Thames is preserved in both answers.

FINAL_VERDICT: CORRECT"
32,What life member of The Actors Studio often portraying military or authority figure roles stared in a film that  was directed by Richard Wilson?,Robert F. Simon,I cannot verify if Richard Wilson directed a film starring Ralph Fiennes and Tom Sizemore.,I cannot verify if Richard Wilson directed a film starring Ralph Fiennes and Tom Sizemore.,I cannot verify that information about Richard Wilson directing a film starring Ralph Fiennes.,I couldn't find any information about a film directed by Richard Wilson that stars a life member of The Actors Studio.,1,LOW,12.9,HALLUCINATED,"The gold answer states that Robert F. Simon, who often portrayed military or authority figure roles, starred in a film directed by Richard Wilson. The model's answer, however, mentions Ralph Fiennes and Tom Sizemore, who are not associated with Robert F. Simon. The model's answer does not convey the same factual content as the gold answer, even if worded differently.

FINAL_VERDICT: HALLUCINATED"
33,"Proud To Commit Commercial Suicide is a live album by industrial metal band Nailbomb and captures the band's only live appearance at the 1995 Dynamo Open Air Festival, the album cover is a picture of the aftermath of which infamous remote settlement established by the Peoples Temple, an American socialist organization under the leadership of Jim Jones, in northwestern Guyana?",Jonestown,Jonestown.,Jonestown.,Jonestown.,Jonestown.,3,HIGH,5.8,CORRECT,"The model's answer ""Jonestown"" conveys the same factual content as the gold answer ""Jonestown"". Both refer to the same remote settlement established by the Peoples Temple under the leadership of Jim Jones in northwestern Guyana.

FINAL_VERDICT: CORRECT"
34,Who directed the film in which Christoph Koncz starred as Kaspar Weiss ?,François Girard,I couldn't find any information about a person named Christoph Koncz starring as Kaspar Weiss.,"I couldn't find any information about a person named Christoph Koncz starring as Kaspar Weiss in a film, and neither could I find any information about Kaspar Weiss starring in a film that matches the provided context.",I couldn't find any information about a person named Christoph Koncz starring as Kaspar Weiss.,I couldn't find any information about a person named Christoph Koncz starring as Kaspar Weiss.,2,HIGH,14.2,HALLUCINATED,"The gold answer provides the director of a film where Christoph Koncz played the character Kaspar Weiss, which is François Girard. The model's answer, however, states that they couldn't find any information about a person named Christoph Koncz starring as Kaspar Weiss. This indicates that the model's answer is incorrect because it suggests that Christoph Koncz did not star in the film, which contradicts the information given in the gold answer.

FINAL_VERDICT: HALLUCINATED"
35,"Decommissioning in Northern Ireland was a process in the Belfast Agreement as part of the Northern Ireland peace process, the Northern Ireland peace process is often considered to cover the events leading up to which year, Provisional Irish Republican Army (IRA) ceasefire, the end of most of the violence of the Troubles, the Good Friday (or Belfast) Agreement of 1998, and subsequent political developments?",1994,1994.,1994.,1994.,1994,2,HIGH,6.5,CORRECT,"The model's answer is exactly the same as the gold answer, conveying the same factual content, even though it is worded differently. The model's answer states ""1994"" which is the same as the gold answer which states ""1994"".

FINAL_VERDICT: CORRECT"
36,Are Monoral and Versus both rock bands?,yes,"Yes, both Monoral and Versus are rock bands.","Yes, both Monoral and Versus are rock bands.","Yes, both Monoral and Versus are rock bands.",Yes.,2,HIGH,6.3,CORRECT,"The model's answer ""Yes, both Monoral and Versus are rock bands"" conveys the same factual content as the gold answer ""yes"" but with a slight difference in wording. The gold answer is more concise, while the model's answer provides a bit more context by specifying that both bands are rock bands.

FINAL_VERDICT: CORRECT"
37,Which prefecture is the city where the Japanese actor Akiji Kobayashi passed away the capital of?,Kanagawa Prefecture,Kanagawa Prefecture.,Yokohama is the capital city of Kanagawa Prefecture.,Kanagawa Prefecture.,Kanagawa Prefecture.,2,HIGH,8.1,CORRECT,"The model's answer, ""Kanagawa Prefecture,"" is identical to the gold answer, ""Kanagawa Prefecture."" 

FINAL_VERDICT: CORRECT"
38,In what year was the Korean student scholarship established by South Korean business magnate and the chairman of Samsung Group?,2002,2002.,2002.,2002.,2002.,3,HIGH,5.6,CORRECT,"The model's answer is exactly the same as the gold answer, conveying the same factual content, just with a different word order. 

FINAL_VERDICT: CORRECT
"
39,Cooper pairs were first described by an American physicist born in what year?,1930,1930.,1930.,1930.,1930.,3,HIGH,6.0,CORRECT,"The model's answer is exactly the same as the gold answer, conveying the same factual content, even though it is worded differently. The only difference is the capitalization of ""Gold"" in the gold answer, which does not change the core information being conveyed.

FINAL_VERDICT: CORRECT"
40,Jang Yeong-sil is a historical drama television series starring a South Korean actor best known for his role in what 2006 hit drama series? ,Jumong,"""Jumong"".","""Jumong"".","""Jumong"".","""Jumong"".",3,HIGH,6.7,CORRECT,"The model's answer, ""Jumong,"" is indeed conveying the same factual content as the gold answer, ""Jumong."" Both references are to the same 2006 historical drama series starring a South Korean actor. 

FINAL_VERDICT: CORRECT"
41,Which actor in The 39 Steps also starred in the series The Strain?,Rupert Penry-Jones,Jonathan Hyde starred in The Strain.,Jonathan Hyde starred in The Strain.,"I couldn't find any information about an actor starring in ""The 39 Steps"" or any connection to the 1999 film adaptation of the same name.",There is no information about Jonathan Hyde or John Lithgow starring in The 39 Steps.,1,LOW,14.3,HALLUCINATED,"Jonathan Hyde is not the correct answer to the question ""Which actor in The 39 Steps also starred in the series The Strain?"". The gold answer, Rupert Penry-Jones, is the correct actor who starred in both ""The 39 Steps"" and the series ""The Strain"". 

The model's answer, ""Jonathan Hyde starred in The Strain"", is incorrect because Jonathan Hyde did not star in ""The Strain"". Instead, Jonathan Strasperek starred in ""The Strain"" series.

FINAL_VERDICT: HALLUCINATED"
42,Were both the Hanover Hound and Toy Trawler Spaniel introduced to France?,no,"No, the Toy Trawler Spaniel was not introduced to France, it was an extinct breed from the 16th century.","No, the Toy Trawler Spaniel was not introduced to France, it was an extinct breed from the 16th century.","No, there is no mention of either breed being introduced to France in the context provided.","No, there is no mention of either breed being introduced to France in the provided context.",1,LOW,12.6,CORRECT,"The gold answer states that both the Hanover Hound and Toy Trawler Spaniel were not introduced to France. The model's answer specifically mentions that the Toy Trawler Spaniel was not introduced to France and was an extinct breed from the 16th century. This information is consistent with the gold answer, which also implies that the Hanover Hound was not introduced to France. The model's answer provides additional context about the Toy Trawler Spaniel being extinct, which is not necessary for the core fact that it was not introduced to France. 

FINAL_VERDICT: CORRECT"
43,"Which board game was created by Reiner Knizia, Junta or Medici?",Medici,Medici was created by Reiner Knizia.,Medici was created by Reiner Knizia.,Medici was created by Reiner Knizia.,Medici was created by Reiner Knizia.,3,HIGH,7.8,CORRECT,"The gold answer states that Medici was created by Reiner Knizia, while the model's answer states that Medici was created by Reiner Knizia. Although the model's answer is worded differently, it still conveys the same factual content as the gold answer, which is Medici was created by Reiner Knizia.

FINAL_VERDICT: CORRECT
"
44,Were George Melford and Giuseppe Tornatore both actors?,no,"No, George Melford was an actor, director, producer, and screenwriter, while Giuseppe Tornatore is a film director and screenwriter.","No, George Melford was an actor, director, producer, and screenwriter, while Giuseppe Tornatore is a film director and screenwriter.","No, Giuseppe Tornatore was not mentioned as an actor, only as a film director and screenwriter.","No, Giuseppe Tornatore was a film director and screenwriter, not an actor.",1,LOW,13.5,HALLUCINATED,"The gold answer states that both George Melford and Giuseppe Tornatore were actors. However, the model's answer clarifies that George Melford was also a director, producer, and screenwriter, and Giuseppe Tornatore is a director and screenwriter. This means that while the model's answer is factually correct, it does not confirm that both individuals were solely actors, which is what the gold answer asserts. Therefore, the model's answer does not convey the same factual content as the gold answer.

FINAL_VERDICT: HALLUCINATED"
45,What Japanese mixed martial artist worked for the Dream organization in many of their promoted MMA shows?,Kazushi Sakuraba,Kazushi Sakuraba.,Kazushi Sakuraba.,Kazushi Sakuraba.,Kazushi Sakuraba.,3,HIGH,7.8,CORRECT,"The model's answer is identical to the gold answer, both stating that Kazushi Sakuraba worked for the Dream organization. 

FINAL_VERDICT: CORRECT"
46,"Which catherdral is located in London, Norwich Cathedral or St Paul's Cathedral?",St Paul's Cathedral,St Paul's Cathedral is located in London.,St Paul's Cathedral is located in London.,St Paul's Cathedral is located in London.,St Paul's Cathedral is located in London.,3,HIGH,8.0,CORRECT,"The model's answer, ""St Paul's Cathedral is located in London,"" conveys the same factual content as the gold answer, ""St Paul's Cathedral,"" but it does so by providing additional context (the location) that was not present in the gold answer. The gold answer simply states the name of the cathedral, while the model's answer includes the location, which is a factual piece of information that is consistent with the gold answer.

FINAL_VERDICT: CORRECT"
47,"Which musican is older, Tom Verlaine or David Vincent?",Tom Verlaine,Tom Verlaine is older than David Vincent.,Tom Verlaine is older than David Vincent.,Tom Verlaine is older than David Vincent.,Tom Verlaine is older than David Vincent.,3,HIGH,8.8,CORRECT,"The model's answer, ""Tom Verlaine is older than David Vincent,"" conveys the same factual content as the gold answer, ""Tom Verlaine is older."" The model's answer is worded differently but still correctly identifies that Tom Verlaine is older than David Vincent.

FINAL_VERDICT: CORRECT"
48,"Who owns a mall in Youngstown, Ohio with a BAM! store?",Cafaro Company,"Codding Enterprises owns the mall, and Simon Property Group is the parent company, but they also own Santa Rosa Plaza.","Codding Enterprises owns the mall, and Simon Property Group is the parent company, but they also own Santa Rosa Plaza.","Codding Enterprises owns the mall, but Simon Property Group is the managing company.","Simon Property Group owns a mall in Youngstown, Ohio, with a BAM! store.",1,LOW,19.4,HALLUCINATED,"The gold answer provides the name of the company that owns a mall in Youngstown, Ohio with a BAM! store, which is the Cafaro Company. The model's answer, while providing additional information about the parent company and another mall, does not mention the specific mall in Youngstown, Ohio with a BAM! store. Therefore, the model's answer does not convey the same factual content as the gold answer.

FINAL_VERDICT: HALLUCINATED"
49,When was the rapper on Lil B.I.G. Pac born?,"June 11, 1997","June 11, 1997.","June 11, 1997.","June 11, 1997.","June 16, 1971.",2,HIGH,10.2,CORRECT,"The model's answer is exactly the same as the gold answer, including the date and year. The only difference is the word order, which does not change the factual content.

FINAL_VERDICT: CORRECT"
50,"What is the name of this 2010 American romantic comedy film directed by Garry Marshall, released February 9, 2010 via Big Machine Records?",Valentine's Day,Valentine's Day.,Valentine's Day.,Valentine's Day.,Valentine's Day.,3,HIGH,11.3,CORRECT,"The model's answer ""Valentine's Day"" is indeed the same as the gold answer ""Gold"". Both refer to the 2010 American romantic comedy film directed by Garry Marshall, released on February 9, 2010 via Big Machine Records.

FINAL_VERDICT: CORRECT"
51,When was the railroad opened which is north to the Bates Pond?,1947,1947.,1947.,There is no information about a railroad being located north of Bates Pond.,I can't determine which railroad you are referring to from the context you provided.,1,LOW,10.9,CORRECT,"The model's answer is identical to the gold answer, both stating the year as 1947. There is no factual discrepancy between the two answers, as they convey the same information.

FINAL_VERDICT: CORRECT"
52,"Who is Mary, Crown Princess of Denmark's mother-in-law?",Queen Margrethe II,Queen Margrethe II.,Queen Margrethe II.,Queen Margrethe II.,Queen Margrethe II.,3,HIGH,11.0,CORRECT,"The model's answer, ""Queen Margrethe II,"" is indeed conveying the same factual content as the gold answer, ""Queen Margrethe II."" Both answers state the same name, Queen Margrethe II, which is the mother-in-law of Mary, Crown Princess of Denmark. 

FINAL_VERDICT: CORRECT"
53,In what party is the president whose cabinet Francisco Javier Mayorga Castañeda serves in?,National Action Party,Felipe Calderón is a member of the National Action Party (PAN).,Felipe Calderón is a member of the National Action Party (PAN).,"Felipe Calderón serves in the National Action Party (""Partido Acción Nacional"", PAN).",Felipe Calderón is a member of the National Action Party (PAN).,2,HIGH,15.1,HALLUCINATED,"To determine if the model's answer conveys the same factual content as the gold answer, we need to compare the key information provided in both responses.

The gold answer states that Francisco Javier Mayorga Castañeda serves in the National Action Party (PAN). The model's answer states that Felipe Calderón is a member of the National Action Party (PAN). 

While both answers mention the National Action Party (PAN), they do not convey the same factual content. The gold answer is directly stating that a specific person (Francisco Javier Mayorga Castañeda) serves in the National Action Party. The model's answer is providing information about a different person (Felipe Calderón) and is not directly stating that Francisco Javier Mayorga Castañeda serves in the National Action Party.

FINAL_VERDICT: HALLUCINATED"
54,What genre are both Giant Drag and Chagall Guevara?,rock,Both Giant Drag and Chagall Guevara are Indie rock bands.,Both Giant Drag and Chagall Guevara are Indie rock bands.,Both Giant Drag and Chagall Guevara are Indie rock bands.,Both Giant Drag and Chagall Guevara are associated with the trip-hop genre.,2,HIGH,11.8,HALLUCINATED,"The gold answer states that both Giant Drag and Chagall Guevara are rock bands, which is a broad genre. The model's answer specifies that they are Indie rock bands, which is a subgenre of rock. While both answers indicate that these bands fall under the rock genre, they do not convey the same level of factual accuracy because Indie rock is a specific subgenre within rock, not a broader genre. 

FINAL_VERDICT: HALLUCINATED"
55,What is the best-seller by Ruta Sepetys?,Between Shades of Gray,Between Shades of Gray is the best-seller by Ruta Sepetys.,Between Shades of Gray is the best-seller by Ruta Sepetys.,Between Shades of Gray is the best-seller by Ruta Sepetys.,Between Shades of Gray by Ruta Sepetys.,2,HIGH,10.7,HALLUCINATED,"The model's answer includes the correct title ""Between Shades of Gray"" and correctly identifies the author as Ruta Sepetys. However, the model's answer adds the phrase ""is the best-seller by Ruta Sepetys,"" which is not a factual statement and is not supported by the gold answer. The gold answer does not provide this additional claim about the book being the best-seller by the author.

FINAL_VERDICT: HALLUCINATED"
56,Scary Movie 5 was released under what independent film distribution label?,Dimension Films,I couldn't find any information on Scary Movie 5's release under an independent film distribution label.,I couldn't find any information on Scary Movie 5's release under an independent film distribution label.,"There is no information provided about Scary Movie 5, and no mention of an independent film distribution label for American Scary.",I don't have the information to answer the question.,1,LOW,14.1,HALLUCINATED,"The model's answer does not convey the same factual content as the gold answer. The gold answer provided a specific label, Dimension Films, for the independent film distribution of Scary Movie 5. The model's answer, however, indicates that no information was found about Scary Movie 5's release under an independent film distribution label. This is a different and contradictory statement to the gold answer.

FINAL_VERDICT: HALLUCINATED"
57,"What is the population of the small town with an Air Force Base 7 mi northeast of Sacramento, California?",743,The population of McClellan Park is 743.,The population of McClellan Park is 743.,743.,The 2010 census reported a population of 743 for McClellan Park.,1,LOW,12.0,CORRECT,"The model's answer, ""The population of McClellan Park is 743,"" conveys the same factual content as the gold answer, ""The population of the small town with an Air Force Base 7 mi northeast of Sacramento, California is 743."" McClellan Park is indeed a small town with an Air Force Base located 7 miles northeast of Sacramento, California, and it has a population of 743.

FINAL_VERDICT: CORRECT"
58,When did the coach of the Karachi Kings finish his time as coach of the Australia national cricket team ?,23 June 2013.,Mickey Arthur was sacked on 23 June 2013.,Mickey Arthur was sacked on 23 June 2013.,23 June 2013.,Mickey Arthur was sacked as coach of the Australia national team on 23 June 2013.,1,LOW,10.5,CORRECT,"The gold answer provides the specific date (23 June 2013) when Mickey Arthur was sacked as the coach of the Australia national cricket team. The model's answer conveys the same factual content by stating that Mickey Arthur was sacked on that date. The model's answer simply rephrases the information by using the phrase ""sacked"" instead of ""finish his time as coach,"" but the core information remains the same.

FINAL_VERDICT: CORRECT"
59,"What is the location of this recently retired domed stadium in the southeastern United States, which was developed by the same authority that developed the Georgia World Congress Center?","Atlanta, Georgia","Atlanta, Georgia.","Atlanta, Georgia.","Atlanta, Georgia.","Atlanta, Georgia.",3,HIGH,6.6,CORRECT,"The model's answer is identical to the gold answer, both stating that the location is Atlanta, Georgia. The only difference is the word order, which does not alter the factual content.

FINAL_VERDICT: CORRECT"
60,"Which director has won an Oscar, Ron Shelton or Ken Mora?","Ronald Wayne ""Ron"" Shelton",Neither Ron Shelton nor Ken Mora has won an Oscar.,Neither Ron Shelton nor Ken Mora has won an Oscar as a director.,Neither Ron Shelton nor Ken Mora has won an Oscar.,Neither Ron Shelton nor Ken Mora has won an Oscar.,2,HIGH,10.7,HALLUCINATED,"The gold answer states that Ron Shelton has won an Oscar, while the model's answer states that neither Ron Shelton nor Ken Mora has won an Oscar. These statements are contradictory. The gold answer is factually incorrect because Ron Shelton has indeed won an Oscar. The model's answer, while incorrect, does convey the same core factual content as the gold answer in its negated form. However, it does not provide the correct information.

FINAL_VERDICT: HALLUCINATED"
61,Were One Hundred and One Dalmatians and Fun and Fancy Free both animated films?,yes,"Yes, both One Hundred and One Dalmatians and Fun and Fancy Free are animated films.","Yes, both One Hundred and One Dalmatians and Fun and Fancy Free are animated films.","No, Fun and Fancy Free was a live-action film with animated sequences, while One Hundred and One Dalmatians was an animated film.","No, Fun and Fancy Free was a live-action film with animated elements, but not entirely animated.",1,LOW,16.5,CORRECT,"The model's answer, ""Yes, both One Hundred and One Dalmatians and Fun and Fancy Free are animated films,"" conveys the same factual content as the gold answer, ""yes,"" even if the word choice and structure are different. Both statements confirm that both films are animated.

FINAL_VERDICT: CORRECT"
62,"A large distribution center is for a company with over 13,000 stores and what other company?",PetSmart,PetSmart.,PetSmart.,PetSmart.,PetSmart.,3,HIGH,6.0,CORRECT,"The model's answer is ""PetSmart,"" which is the correct answer to the question. The gold answer is also ""PetSmart."" 

The model's answer is worded exactly the same as the gold answer, conveying the same factual content. 

FINAL_VERDICT: CORRECT"
63,In what year did the water park that Surfrider is part of rank first in Australia?,2009,2009.,2009.,2009.,2009.,3,HIGH,5.5,CORRECT,"The model's answer is identical to the gold answer, both stating the year as 2009. The only difference is the word choice in ""Gold"" versus ""Gold"" in the model's answer. 

FINAL_VERDICT: CORRECT"
64,"Ricardo Viñes, a Spanish pianist, premiered the works of Maurice Ravel, who is associated with what style?",impressionism,Impressionism.,Impressionism.,Impressionism.,Impressionism.,3,HIGH,7.5,CORRECT,"The gold answer states ""impressionism"" while the model's answer states ""Impressionism."" Although ""impressionism"" and ""Impressionism"" are spelled differently, they refer to the same artistic movement. 

FINAL_VERDICT: CORRECT"
65,Which 'My Name Is Earl' star is also know for his role in a advertising campaign for OfficeMax?,Eddie Steeples,Eddie Steeples.,Eddie Steeples.,Eddie Steeples is the 'My Name Is Earl' star known for his role in an OfficeMax advertising campaign.,Eddie Steeples.,2,HIGH,11.2,CORRECT,"The model's answer is worded differently but conveys the same factual content as the gold answer. Both mention Eddie Steeples as the 'My Name Is Earl' star who is also known for his role in an advertising campaign for OfficeMax.

FINAL_VERDICT: CORRECT"
66,What actor starred on the Defenders in the 1960s as well as in At Mother's Request,E. G. Marshall,"I cannot verify E.G. Marshall starred in ""At Mother's Request.""","I cannot verify E.G. Marshall starred in ""At Mother's Request.""","I cannot verify the actor who starred in ""At Mother's Request"".","I couldn't find any information on the 2006 BBC Four television play ""At Mother's Request"" or its cast.",1,LOW,14.1,HALLUCINATED,"The gold answer states that E. G. Marshall starred in ""At Mother's Request."" The model's answer indicates that it cannot verify this, which is a different stance. The model's answer does not convey the same factual content as the gold answer, even if worded differently.

FINAL_VERDICT: HALLUCINATED"
67,Are Macworld and College Humor both magazines?,no,"No, Macworld is a website, while College Humor was a magazine.","No, Macworld is a website, while College Humor was a magazine.","No, Macworld is a website, and College Humor was a magazine.","No, Macworld is a website, while College Humor was a magazine.",2,HIGH,11.6,CORRECT,"The model's answer provides additional context by specifying that College Humor was a magazine, which is accurate. However, the core fact that Macworld is not a magazine is correct. Therefore, the model's answer conveys the same factual content as the gold answer, just with more detail.

FINAL_VERDICT: CORRECT"
68,"Francesco Rospigliosi Pallavicini was born in Rome, in what was then which territories in the Italian Peninsula under the sovereign direct rule of the pope, from the 8th century until 1870?",Papal States,The Papal States.,The Papal States.,The Papal States.,The Papal States.,3,HIGH,7.5,CORRECT,"The model's answer ""The Papal States"" conveys the same factual content as the gold answer ""Papal States"". Both terms refer to the same historical entity, the Papal States, which were territories in the Italian Peninsula under the sovereign direct rule of the pope from the 8th century until 1870.

FINAL_VERDICT: CORRECT"
69,What country are both Kopparvallen and Conny Torstensson from?,Sweden,Sweden.,Sweden.,Sweden.,Sweden.,3,HIGH,5.1,CORRECT,"The model's answer ""Sweden"" is identical to the gold answer ""Sweden"". The only difference is the presence of a space in the gold answer, which does not alter the factual content. 

FINAL_VERDICT: CORRECT"
70,"Which film director directed the internet video serial ""God, Inc."", Roman Karmen or Francis Stokes?",Francis Stokes,"Francis Stokes directed the internet video serial ""God, Inc."".","Francis Stokes directed the internet video serial ""God, Inc."".","Francis Stokes directed the internet video serial ""God, Inc."".","Francis Stokes directed the internet video serial ""God, Inc."".",3,HIGH,11.2,CORRECT,"The model's answer ""Francis Stokes directed the internet video serial 'God, Inc.'."" conveys the same factual content as the gold answer ""Francis Stokes directed the internet video serial 'God, Inc.'"", even though the word order is different. Both statements assert that Francis Stokes directed the internet video serial ""God, Inc."".

FINAL_VERDICT: CORRECT"
71,Lisa Brennan-Jobs is the daughter of which painter and writer?,Chrisann Brennan,Lisa Brennan-Jobs is the daughter of Chrisann Brennan.,Lisa Brennan-Jobs is the daughter of Chrisann Brennan.,"Lisa Brennan-Jobs is the daughter of Chrisann Brennan, a painter and writer.",Chrisann Brennan.,1,LOW,10.5,CORRECT,"The model's answer is essentially conveying the same factual content as the gold answer, despite the slight difference in wording. The core information that Lisa Brennan-Jobs is the daughter of Chrisann Brennan is preserved.

FINAL_VERDICT: CORRECT"
72,"Goose Rocks Light is a sparkplug lighthouse located near North Haven, Maine in which location, an inlet of the Gulf of Maine and Atlantic Ocean in south central Maine?",Penobscot Bay,Penobscot Bay.,Penobscot Bay.,Penobscot Bay.,Penobscot Bay.,3,HIGH,6.9,CORRECT,"The model's answer is ""Penobscot Bay,"" which matches the gold answer of ""Penobscot Bay."" The model's answer is worded identically to the gold answer, conveying the same factual content.

FINAL_VERDICT: CORRECT
"
73,What communications officer was on the staff of a fleet admiral in the United States Navy?,"John ""Jack"" Roland Redman","John ""Jack"" Roland Redman.","John ""Jack"" Roland Redman.","John ""Jack"" Roland Redman was a communications officer on the staff of Admiral Chester W. Nimitz.","John ""Jack"" Roland Redman.",2,HIGH,14.1,CORRECT,"The model's answer is identical to the gold answer, with only a slight difference in capitalization (""Jack"" vs. ""jack""). This does not change the factual content of the answer.

FINAL_VERDICT: CORRECT"
74,"Titan and Balderdash, are which specific type of entertainment?",board game,Thrill rides.,Thrill rides and board games.,Thrill rides.,Thrill rides.,2,HIGH,5.7,HALLUCINATED,"The model's answer ""Thrill rides"" is not factually correct for the question ""Titan and Balderdash, are which specific type of entertainment?"" The correct answer is ""board game,"" as Titan and Balderdash is a board game. The model's answer is completely different from the correct answer and does not convey the same factual content.

FINAL_VERDICT: HALLUCINATED"
75,In what state did Olivia Newton-John perform Summer Nights? ,Nevada,"None, as Olivia Newton-John's Summer Nights residency was held in Las Vegas, Nevada.","None, as Olivia Newton-John's Summer Nights residency was held in Las Vegas, Nevada.","There is no information about Olivia Newton-John performing ""Summer Nights"".","There is no mention of Olivia Newton-John performing ""Summer Nights"" in the context provided.",1,LOW,13.4,CORRECT,"The model's answer, while not directly stating ""Nevada"" as the answer, conveys the same factual content as the gold answer. The model's answer specifies that Olivia Newton-John's performance of ""Summer Nights"" was in Las Vegas, Nevada, which is in the state of Nevada. 

FINAL_VERDICT: CORRECT"
76,Who was an American lawyer with a family of Scots-Irish ancestry of the Methodist faith from the patrilineal lineage?,George Franklin Getty,There is no information about an American lawyer in the context.,There is no information about an American lawyer in the context.,There is no information about an American lawyer in the provided context.,There is no information about an American lawyer with a family of Scots-Irish ancestry of the Methodist faith from the patrilineal lineage in the provided context.,1,LOW,17.3,HALLUCINATED,"The model's answer does not convey the same factual content as the gold answer. The gold answer provided a specific name, George Franklin Getty, who fits the description given in the question. The model's answer, however, does not provide any information about a specific person and instead suggests there is no information about an American lawyer in the context. This is a different type of response that does not match the gold answer's factual content.

FINAL_VERDICT: HALLUCINATED"
77,"What collegiate athletic conference headquartered in Birmingham, Alabama includes schools such as Texas Southern University?",Southwestern Athletic Conference,The Southwestern Athletic Conference (SWAC).,The Southwestern Athletic Conference (SWAC).,The Southwestern Athletic Conference (SWAC).,The Southwestern Athletic Conference (SWAC).,3,HIGH,10.3,CORRECT,"The model's answer ""The Southwestern Athletic Conference (SWAC)"" conveys the same factual content as the gold answer ""Southwestern Athletic Conference"" (SWAC). The only difference is the addition of ""(SWAC)"" in the model's answer, which is merely a clarification of the full name of the conference and does not alter the core information.

FINAL_VERDICT: CORRECT"
78,Foxcatcher is a 2014 American true crime sports drama film about a wrestling team set up in what state?,Pennsylvania,Pennsylvania.,Pennsylvania.,Pennsylvania.,Pennsylvania.,3,HIGH,8.3,CORRECT,"The model's answer ""Pennsylvania"" is identical to the gold answer ""Pennsylvania"". 

The model's answer is a direct and accurate reproduction of the correct factual information without any additional or incorrect details. 

FINAL_VERDICT: CORRECT"
79,What is the nationality of the 2003 FIBA Under-19 World Championship MVP ?,Australian,There is no information about the 2003 FIBA Under-19 World Championship MVP in the provided context.,There is no information about the 2003 FIBA Under-19 World Championship MVP in the provided context.,There is no information about the 2003 FIBA Under-19 World Championship MVP in the provided context.,There is no information about the 2003 FIBA Under-19 World Championship MVP in the provided context.,3,HIGH,14.2,HALLUCINATED,"The model's answer does not convey the same factual content as the gold answer. The gold answer provides a specific nationality (Australian) for the 2003 FIBA Under-19 World Championship MVP, while the model's answer states there is no information available. These are fundamentally different in terms of factual content.

FINAL_VERDICT: HALLUCINATED"
80,Did Bedtime Stories and Big Red both star Walter Pidgeon?,no,"No, Big Red starred Walter Pidgeon while Bedtime Stories did not.","No, Big Red starred Walter Pidgeon while Bedtime Stories did not.","No, Big Red starred Walter Pidgeon, but Bedtime Stories did not.","No, Big Red did not star Walter Pidgeon.",1,LOW,13.6,CORRECT,"The gold answer states that ""both"" starred Walter Pidgeon, which is incorrect. The model's answer clarifies that Bedtime Stories did not star Walter Pidgeon, which is factually correct. The model's answer is conveying the same factual content as the gold answer, just in a different way.

FINAL_VERDICT: CORRECT"
81,Which political ideology was the premise of The National Action Party?,Nationalism,Nationalism.,Nationalism.,Nationalism.,Nationalist ideology.,2,HIGH,5.7,CORRECT,"The model's answer ""Nationalism"" is indeed conveying the same factual content as the gold answer ""Nationalism."" Both terms refer to the same political ideology, which is the premise of The National Action Party.

FINAL_VERDICT: CORRECT"
82,"Who manages the station that serves a small town and civil parish in the Borough of Pendle Lancashire, England with a population of 8,200 as of 2011?",Northern,Northern manages the station that serves Brierfield.,Northern manages the station that serves Brierfield.,Northern manages the Brierfield railway station.,Northern manages the station that serves the small town of Brierfield.,1,LOW,9.6,CORRECT,"The gold answer states that ""Northern"" manages the station, but it does not specify which station or town. The model's answer provides more specific information by naming the town as Brierfield. However, the core information about ""Northern"" managing a station is preserved.

FINAL_VERDICT: CORRECT"
83,Cindy Williams is an award-winning news anchor for a tv station whose trasmitter is located on what mountain?,Winn Mountain,Winn Mountain in Sebago.,Winn Mountain in Sebago.,Sebago.,Winn Mountain in Sebago.,2,HIGH,5.9,HALLUCINATED,"The gold answer states that Cindy Williams is an award-winning news anchor for a TV station whose transmitter is located on Winn Mountain. The model's answer states that Winn Mountain is in Sebago. 

While the model's answer provides additional information about the location of Winn Mountain, it does not convey the same factual content as the gold answer. The gold answer is factually correct as it specifies the mountain and the TV station's transmitter location. The model's answer, however, does not mention the TV station or the transmitter, which is a crucial part of the question.

FINAL_VERDICT: HALLUCINATED"
84,Snow White is a Disney media franchise based on a German fairy tale by who?,Brothers Grimm,The Brothers Grimm.,The Brothers Grimm.,The Brothers Grimm.,The Brothers Grimm.,3,HIGH,5.8,CORRECT,"The model's answer ""The Brothers Grimm"" is slightly different from the gold answer ""Brothers Grimm"". However, both refer to the same two individuals: the Brothers Grimm, who are indeed the German authors of the fairy tale that Snow White is based on.

FINAL_VERDICT: CORRECT"
85," Harrah's Lake Tahoe is a hotel and casino owned and operated by the fourth-largest gaming company in the world, with annual revenues of what in 2013?",$8.6 billion,$8.6 billion.,$8.6 billion.,$8.6 billion.,$8.6 billion.,3,HIGH,6.9,CORRECT,"The model's answer is identical to the gold answer, conveying the same factual content, even though the word order is different. Both provide the exact figure of $8.6 billion.

FINAL_VERDICT: CORRECT"
86,"""Alvin for President"" is a song by which American animated fictional musical group?",Alvin and the Chipmunks,Alvin and the Chipmunks.,Alvin and the Chipmunks.,Alvin and the Chipmunks.,Alvin and the Chipmunks.,3,HIGH,6.8,CORRECT,"The model's answer ""Alvin and the Chipmunks"" conveys the same factual content as the gold answer ""Alvin and the Chipmunks"", even though the model's answer is a bit shorter and doesn't include the word ""fictional"".
FINAL_VERDICT: CORRECT
"
87,Neetho starred which actress born on 1 February 1979?,Mahek Chahal,Mahek Chahal.,Mahek Chahal.,Mahek Chahal.,Mahek Chahal.,3,HIGH,5.7,CORRECT,"The model's answer, ""Mahek Chahal,"" is indeed conveying the same factual content as the gold answer, ""Mahek Chahal,"" even though the model's answer is slightly shorter and does not include the specific date of birth. The core information about the actress's name is the same in both answers.

FINAL_VERDICT: CORRECT"
88,"What were the Royal Navy Battleships, that were considered the first fast battleships and were used in WWI and WWII?","Queen Elizabeth""-class battleships","The ""Queen Elizabeth""-class battleships.","The ""Queen Elizabeth""-class battleships.",I couldn't find any information on the Royal Navy Battleships being considered the first fast battleships in WWI and WWII.,"The ""Queen Elizabeth""-class battleships were the first fast battleships, commissioned in 1915-16.",1,LOW,12.1,CORRECT,"The model's answer is essentially correct and conveys the same factual content as the gold answer, even if it is slightly shorter and uses only the acronym ""Queen Elizabeth"" without the class designation. The model's answer omits the class designation, but this does not alter the core information provided.

FINAL_VERDICT: CORRECT"
89,The Tama Maru No. 2 was damaged by what World War II American naval scout plane and dive bomber that was manufactured by Douglas Aircraft?,Douglas SBD Dauntless,The Douglas SBD Dauntless.,The Douglas SBD Dauntless.,The Douglas SBD Dauntless.,Douglas SBD Dauntless.,2,HIGH,8.1,CORRECT,"The model's answer is essentially correct, but it lacks the ""No."" at the end of the aircraft's designation, which is present in the gold answer. This minor difference in wording does not change the core factual information provided.

FINAL_VERDICT: CORRECT"
90,Are Connie May Fowler and Vladimir Mayakovsky both poets?,yes,"Yes, both Connie May Fowler and Vladimir Mayakovsky are poets.",Yes.,"Yes, both Connie May Fowler and Vladimir Mayakovsky are poets.","Yes, both Connie May Fowler and Vladimir Mayakovsky are poets.",2,HIGH,8.4,CORRECT,"The model's answer ""Yes, both Connie May Fowler and Vladimir Mayakovsky are poets."" conveys the same factual content as the gold answer ""yes,"" even though the model's answer includes additional information about Connie May Fowler being a poet. The core fact that both individuals are poets is present in both responses.

FINAL_VERDICT: CORRECT"
91,How many people died in the fire Brooklyn Theatre that was owned by Sarah Crocker Conway?,278 individuals,At least 278 people died in the fire that destroyed the Brooklyn Theatre.,At least 278 people died in the fire that destroyed the Brooklyn Theatre.,"At least 278 individuals died in the fire of the Park Theatre in Brooklyn, owned by Sarah Crocker Conway.",At least 278 individuals died in the conflagration that killed Sarah Crocker Conway.,1,LOW,10.9,CORRECT,"The model's answer, ""At least 278 people died in the fire that destroyed the Brooklyn Theatre,"" conveys the same factual content as the gold answer, ""278 individuals died in the fire Brooklyn Theatre that was owned by Sarah Crocker Conway."" Both statements indicate that 278 people lost their lives in a fire at the Brooklyn Theatre, with the model's answer using the phrase ""At least"" to indicate the minimum number of fatalities, which is consistent with the gold answer's use of ""278 individuals.""

FINAL_VERDICT: CORRECT"
92,Jack Moore played collegiately at the college in what NCAA conference?,Big Ten,The University of Oklahoma Sooners.,The University of Oklahoma Sooners.,"He played collegiately at the University of Oklahoma, which plays in the Big 12 Conference.",Big 12 Conference.,1,LOW,6.7,HALLUCINATED,"The gold answer provides factual information about the NCAA conference that Jack Moore played collegiately at, which is the Big Ten. The model's answer, ""The University of Oklahoma Sooners,"" does not convey the same factual content as the gold answer. The model's answer refers to a different college and does not specify the NCAA conference.

FINAL_VERDICT: HALLUCINATED"
93,"What was the nationality of Lana Turner's co-star in ""The Three Musketeers""?",American,American.,American.,American.,American.,3,HIGH,7.1,CORRECT,"The model's answer ""American"" conveys the same factual content as the gold answer ""Gold (correct) American"" because both indicate that the co-star of Lana Turner in ""The Three Musketeers"" was American. The only difference is the use of ""American"" instead of ""Gold (correct)"" to convey the same information.

FINAL_VERDICT: CORRECT"
94, Der Bärenhäuter was influenced by the German composer who created which opera?,"""Hansel and Gretel""",Heinrich August Marschner.,Engelbert Humperdinck.,Heinrich August Marschner.,Heinrich August Marschner.,2,HIGH,7.2,HALLUCINATED,"The model's answer, ""Heinrich August Marschner,"" is incorrect. The correct answer is ""Hansel and Gretel,"" which is the opera created by the German composer Richard Wagner, not Heinrich August Marschner. 

Heinrich August Marschner was a German composer, but he did not create the opera ""Hansel and Gretel."" The opera ""Hansel and Gretel"" was composed by Richard Wagner.

FINAL_VERDICT: HALLUCINATED"
95,The Crocoduck was imagined by what New Zealand-born American minister?,Ray Comfort,Ray Comfort.,Ray Comfort.,Ray Comfort.,Ray Comfort.,3,HIGH,5.4,CORRECT,"The model's answer, ""Ray Comfort,"" is indeed the same as the gold answer, ""Ray Comfort,"" even though the model's answer is worded slightly differently. The core information conveyed is the same.

FINAL_VERDICT: CORRECT"
96,The racer who finished second in the 1964 French Grand Prix was this nationality?,British,British.,British.,British.,British.,3,HIGH,5.9,CORRECT,"The model's answer ""British"" conveys the same factual content as the gold answer ""British"" since they both state that the racer who finished second in the 1964 French Grand Prix was of British nationality.

FINAL_VERDICT: CORRECT"
97,"Which astronaut is older, Philippe Perrin or André Kuipers?",André Kuipers,André Kuipers is older than Philippe Perrin.,André Kuipers is older.,André Kuipers is older than Philippe Perrin.,André Kuipers is older than Philippe Perrin.,2,HIGH,8.0,CORRECT,"The model's answer includes an additional statement ""André Kuipers is older than Philippe Perrin"" which is not present in the gold answer. However, the core factual information that André Kuipers is older than Philippe Perrin is conveyed correctly. 

FINAL_VERDICT: CORRECT"
98, Michael Edward Curry served as head coach for an American Professional basketball team that has won how many NBA championchips?,three,Three.,Three.,Three.,The Detroit Pistons have won three NBA championships.,2,HIGH,5.6,CORRECT,"The model's answer ""Three"" is indeed conveying the same factual content as the gold answer ""three"". Both use the exact same number to indicate the number of NBA championships won by the team. 

FINAL_VERDICT: CORRECT"
99,"""The Closer I Get to You"" is a romantic ballad performed by African American jazz, soul, R&B, and folk singer-songwriter Roberta Flack and which  American jazz, blues, soul and gospel singer, songwriter, arranger and pianist, that signed with Atlantic Records in 1969?",Donny Hathaway,Donny Hathaway.,Donny Hathaway.,Donny Hathaway.,Donny Hathaway.,3,HIGH,6.6,CORRECT,"The model's answer is correct as it matches the gold answer exactly, just with a different word order.

FINAL_VERDICT: CORRECT
You must respond only in this format."
100,The Gooden Grant House is located in what bay in Maine? ,Penobscot Bay,The Gooden Grant House is located in Penobscot Bay.,The Gooden Grant House is located in Penobscot Bay.,The Gooden Grant House is located in Penobscot Bay.,Penobscot Bay.,2,HIGH,8.6,CORRECT,"The model's answer, ""The Gooden Grant House is located in Penobscot Bay,"" conveys the same factual content as the gold answer, ""The Gooden Grant House is located in Penobscot Bay."" Both statements provide the same information about the location of the Gooden Grant House in Penobscot Bay.

FINAL_VERDICT: CORRECT"
101,What non-fiction books has the author who has written books about the loyalist paramilitary Michael Stone and Special Air Service founder who During the course of the Second World War he became one of the British Army's most highly decorated soldiers?,the Troubles,"He wrote books about Michael Stone and Paddy Mayne, but the question only asks for the non-fiction books about ""the Troubles"" that are not specified.","He wrote books about Michael Stone and Paddy Mayne, but the question only asks for the non-fiction books about ""the Troubles"" that are not specified.","Books about Michael Stone and Paddy Mayne, and non-fiction books about ""the Troubles"".","Books about Michael Stone and Paddy Mayne are mentioned, but the specific titles are not provided in the context.",1,LOW,13.7,HALLUCINATED,"The model's answer does not convey the same factual content as the gold answer. The gold answer specifies ""the Troubles,"" which is a non-fiction book about Northern Ireland's conflict. The model's answer, while mentioning ""the Troubles,"" does not directly state it as the non-fiction book about Northern Ireland's conflict. Instead, it mentions another person, Paddy Mayne, who is not related to the question's context.

FINAL_VERDICT: HALLUCINATED"
102,What country of origin does Squirrel Nut Zippers and Sponge have in common?,American,The United States.,The United States.,The United States.,United States.,2,HIGH,6.0,CORRECT,"Both ""American"" and ""The United States"" refer to the same country, with ""American"" being a more concise and commonly used term. The model's answer, while worded differently, still conveys the same factual content as the gold answer.

FINAL_VERDICT: CORRECT"
103,Hollywood Casino is owned by the company based in what Pennsylvania town?,Wyomissing,"Wyomissing, Pennsylvania.","Wyomissing, Pennsylvania.","Wyomissing, Pennsylvania.",Wyomissing.,2,HIGH,6.3,CORRECT,"The model's answer ""Wyomissing, Pennsylvania"" conveys the same factual content as the gold answer ""Gold (correct) answer: Wyomissing"". Both provide the name of the Pennsylvania town where the company that owns Hollywood Casino is based. 

FINAL_VERDICT: CORRECT"
104,"In which year was this American actor, director, writer, producer, dancer and musician born who directed the film ""One, Two, Many?""",1965,1965.,1965.,"I couldn't find any information about an American actor, director, writer, producer, dancer, and musician born in the context of the film ""One, Two, Many"".","I couldn't find any information about the actor directing the film ""One, Two, Many"". The available context only mentions Michael DeLorenzo as the director.",1,LOW,14.1,CORRECT,"The gold answer and the model's answer both state the year as 1965. This is the only information provided, and it matches exactly. 

FINAL_VERDICT: CORRECT"
105,The Clausius–Clapeyron relation was named after a German physicist and mathematician who is considered one of the central founders of what area of science?,the science of thermodynamics,Thermodynamics.,Thermodynamics.,Thermodynamics.,Thermodynamics.,3,HIGH,5.9,CORRECT,"The model's answer ""Thermodynamics"" is indeed conveying the same factual content as the gold answer ""the science of thermodynamics,"" even though the model's answer is more concise and lacks the superlative ""the"" at the beginning. Both statements are referring to the same scientific field.

FINAL_VERDICT: CORRECT"
106,"When was Elvis Presley's ""G.I. Blues"" which was released for the motion picture ""G.I. Blues""'s soundtrack?",October 1960,"I cannot verify when Elvis Presley's ""G.I. Blues"" was released for the motion picture ""G.I. Blues""'s soundtrack.","I cannot verify when Elvis Presley's ""G.I. Blues"" was released for the motion picture ""G.I. Blues""'s soundtrack.","I cannot verify when Elvis Presley's ""G.I. Blues"" was released for the motion picture ""G.I. Blues""'s soundtrack.","I couldn't find any information on Elvis Presley's ""G.I. Blues"" in the provided context.",2,HIGH,15.2,CORRECT,"The gold answer provides a specific date (October 1960) for when Elvis Presley's ""G.I. Blues"" was released for the motion picture ""G.I. Blues""'s soundtrack. The model's answer acknowledges that it cannot verify the specific release date, which is a factual statement. The model's answer conveys the same core information as the gold answer, just in a different way.

FINAL_VERDICT: CORRECT"
107,AeroLogic is a joint venture between Lufthansa and the division of what logistics company?,Deutsche Post DHL,DHL Express.,DHL Express.,Deutsche Post DHL.,DHL Express.,2,HIGH,7.3,CORRECT,"The model's answer ""DHL Express"" is slightly different from the gold answer ""Deutsche Post DHL"". DHL Express is a subsidiary of DHL, which is part of Deutsche Post DHL. Therefore, the model's answer is conveying the same factual content as the gold answer, even if it is not the exact same company name.

FINAL_VERDICT: CORRECT"
108,"What French formula racing driver that was 2014 Formula Renault 3.5 Series runner-up drove the Toro Rosso STR12 in 2017, a Formula One racing car designed and constructed by Scuderia Toro Rosso?",Pierre Gasly,Pierre Gasly drove the Toro Rosso STR12 in 2017.,Pierre Gasly drove the Toro Rosso STR12 in 2017.,Pierre Gasly drove the Toro Rosso STR12 in 2017.,Pierre Gasly drove the Toro Rosso STR12 in 2017.,3,HIGH,11.6,HALLUCINATED,"The model's answer does not convey the same factual content as the gold answer. The gold answer provides additional context about Pierre Gasly being the 2014 Formula Renault 3.5 Series runner-up, which is not mentioned in the model's answer. The model's answer only states that Pierre Gasly drove the Toro Rosso STR12 in 2017, without mentioning his previous achievement in the Formula Renault 3.5 Series.

FINAL_VERDICT: HALLUCINATED"
109,"Amber Calling are an Australian pop punk and emo band from Adelaide, which formed in 2005 as 919, during their career they have supported shows by Panic! at the Disco, an American rock band from Las Vegas, Nevada, formed in what year?",2004,Panic! at the Disco was formed in 2004.,Panic! at the Disco was formed in 2004.,Panic! at the Disco was formed in 2004.,Panic! at the Disco formed in 2004.,2,HIGH,9.5,CORRECT,"The gold answer provides the year 2004 as the formation year of Panic! at the Disco, which is correct. The model's answer, while worded differently, also conveys the same factual content by stating that Panic! at the Disco was formed in 2004. 

FINAL_VERDICT: CORRECT
"
110,"The music program ""Yesterday"" was named after a song from what Beatles album?",Help!,"The Beatles' album ""Help!"".","The Beatles' album ""Help!"".","""Rubber Soul"".","""Help!""",1,LOW,7.9,CORRECT,"The model's answer ""The Beatles' album ""Help!"""" conveys the same factual content as the gold answer ""Gold (correct) answer: Help! "", even though the model's answer is slightly worded differently. Both correctly identify ""Help!"" as the Beatles' album that the song ""Yesterday"" was named after.

FINAL_VERDICT: CORRECT"
111,The Trenton Prong is a section of the Piedmont province of what that was formed roughly 480 million years ago?,The Appalachian Mountains,The Appalachians.,The Appalachians.,The Appalachians.,The Appalachian Mountains.,2,HIGH,6.0,CORRECT,"The model's answer ""The Appalachians"" is slightly different from the gold answer ""The Appalachian Mountains."" However, both refer to the same geographical feature, which are just different ways of referring to the Appalachian mountain system.

FINAL_VERDICT: CORRECT"
112,"Debuting in the 2004 American teen musical comedy film Confessions of a Teenage Drama Queen, Megan Fox went on to co-star in what 2007 blockbuster action film?",Transformers,Transformers.,The Transformers.,Transformers.,Transformers.,2,HIGH,5.7,CORRECT,"The model's answer ""Transformers"" is indeed conveying the same factual content as the gold answer ""Transformers"". Both indicate that Megan Fox starred in the 2007 action film ""Transformers"" as part of her co-starring roles.

FINAL_VERDICT: CORRECT"
113,Who writes poetry such as Glaring Through Oblivion as well as leading the heavy metal band System Of A Down?,Serj Tankian,Serj Tankian.,Serj Tankian.,Serj Tankian.,Serj Tankian.,3,HIGH,6.8,CORRECT,"The model's answer, ""Serj Tankian,"" is indeed conveying the same factual content as the gold answer, ""Gold (correct) answer: Serj Tankian."" Both indicate that Serj Tankian is the person who writes poetry and leads the band System Of A Down. 

FINAL_VERDICT: CORRECT"
114,Heartsounds was made into a 1984 film starring an actor who died in what year?,2014,"I do not see any information about ""Heartsounds"" in the provided context.","I do not see any information about ""Heartsounds"" in the provided context.","I couldn't find any information about ""Heartsounds"" being made into a 1984 film.","I couldn't find any information on ""Heartsounds"" being a song or film.",1,LOW,10.5,HALLUCINATED,"The model's answer does not convey the same factual content as the gold answer. The gold answer provided a specific year (2014) which is a factual piece of information about an actor who died. The model's answer, however, does not provide any factual information about ""Heartsounds"" or any actor, and instead states that there is no information about ""Heartsounds"" in the provided context. This is a clear indication that the model's response is not factually correct and does not match the gold answer.

FINAL_VERDICT: HALLUCINATED"
115,Dean McCarthy played a boy becoming what in an adaptation of Billy Elliott? ,professional ballet dancer,A professional ballet dancer.,A professional ballet dancer.,A professional ballet dancer.,A professional ballet dancer.,3,HIGH,6.0,CORRECT,"The model's answer ""A professional ballet dancer"" is indeed conveying the same factual content as the gold answer ""professional ballet dancer"". Both statements are correct and convey the same information about the character's profession in the adaptation of Billy Elliott.

FINAL_VERDICT: CORRECT"
116,The 3852 Democratic National Convention nominated Franklin Pierce over what American military officer who represented Michigan in the United States Senate?,Lewis Cass,Lewis Cass.,Lewis Cass.,Lewis Cass.,Lewis Cass.,3,HIGH,6.3,CORRECT,"The model's answer is correct. Both ""Lewis Cass"" and ""Gold (correct) answer: Lewis Cass"" convey the same factual content, even though the model's answer is a bit shorter and doesn't include the parentheses and quotation marks.

FINAL_VERDICT: CORRECT"
117,What medium-sized bear native to North America can be seen in Harriman State Park?,American black bear,"There is no information provided about Harriman State Park, so I cannot answer this question.","There is no information provided about Harriman State Park, so I cannot answer this question.",I cannot verify what bear species can be seen in Harriman State Park.  Can I help you with something else?,"I cannot provide information about what bear can be seen in Harriman State Park as I don't have information about it, but I can tell you that the American black bear is a medium-sized bear native to North America.",1,LOW,16.3,HALLUCINATED,"The model's answer does not convey the same factual content as the gold answer. The gold answer provides a specific and factual response to the given question, while the model's answer is a general statement about the lack of information provided about Harriman State Park. The model's answer does not address the specific question about the American black bear in Harriman State Park.

FINAL_VERDICT: HALLUCINATED"
118,What company produced both The Barefoot Executive and The Last Flight of Noah's Ark?,Walt Disney,Walt Disney Productions produced both The Barefoot Executive and The Last Flight of Noah's Ark.,Walt Disney Productions produced both The Barefoot Executive and The Last Flight of Noah's Ark.,Walt Disney Productions produced both films.,Walt Disney Productions.,1,LOW,9.1,CORRECT,"The model's answer includes the additional word ""Productions,"" which is not present in the gold answer. However, ""Walt Disney Productions"" is the correct name for the company that produced both films. The core information that Walt Disney produced both films is preserved.

FINAL_VERDICT: CORRECT"
119,What politician from New York served two terms representing New York in the United States Senate? ,Hillary Rodham Clinton,Hillary Rodham Clinton served two terms representing New York in the United States Senate.,Hillary Rodham Clinton served two terms representing New York in the United States Senate.,Hillary Rodham Clinton served two terms representing New York in the United States Senate.,Hillary Rodham Clinton served two terms representing New York in the United States Senate.,3,HIGH,10.8,HALLUCINATED,"The model's answer includes an incorrect statement. Hillary Rodham Clinton did not serve two terms representing New York in the United States Senate. She served one term as a Senator from New York from 2001 to 2009, and she was the First Lady of the United States during part of her husband's presidency. Therefore, the model's answer is factually incorrect.

FINAL_VERDICT: HALLUCINATED"
120,Trim is a transitway station in the east end of a city that as of 2016 had a population of what?,"934,243","934,243.","934,243.","934,243.","934,243.",3,HIGH,5.1,CORRECT,"The model's answer is identical to the gold answer, conveying the same factual content, even though the word order is different. The number 934,243 is the same in both cases.

FINAL_VERDICT: CORRECT"
121,The manager in which Mark Lazarus clashed with served as manager for the Wolverhampton Wanderers during which years?,1948 and 1964,I couldn't find any information about a person named Mark Lazarus in the provided context.,I couldn't find any information about a person named Mark Lazarus in the provided context.,"I couldn't find any information about a person named Mark Lazarus. However, I can answer the question about the manager who served at Wolverhampton Wanderers during a different time.

Stan Cullis served as manager of Wolverhampton Wanderers between 1948 and 1964.",I cannot verify the name of the manager that Mark Lazarus clashed with.,1,LOW,16.1,HALLUCINATED,"The model's answer does not convey the same factual content as the gold answer. The gold answer provides specific years (1948 and 1964) related to a manager of Wolverhampton Wanderers, which is not mentioned in the model's answer. The model's answer indicates that no information about a person named Mark Lazarus was found, which is a different and unrelated statement.

FINAL_VERDICT: HALLUCINATED"
122,In which city did this world games take place when Squash was added as part of the world games?,"Lahti, Finland","Lahti, Finland.","Lahti, Finland.","The 1997 World Games, when squash was added, took place in Lahti, Finland.","Lahti, Finland.",2,HIGH,8.8,CORRECT,"The model's answer is identical to the gold answer, both stating that the World Games took place in Lahti, Finland when Squash was added as a part of the World Games. 

Given this exact match in factual content and location, the model's answer is factually correct.

FINAL_VERDICT: CORRECT"
123,Are Latina and Entrepreneur both monthly publications?,no,"No, Latina is an annual publication.","No, Latina is an annual publication.","No, Latina is a 12-issue annual publication, not monthly.","No, Latina is an annual publication, while Entrepreneur is a monthly publication.",1,LOW,8.5,HALLUCINATED,"The gold answer states that both Latina and Entrepreneur are monthly publications. The model's answer states that Latina is an annual publication. These statements are contradictory. Therefore, the model's answer does not convey the same factual content as the gold answer, even if worded differently.

FINAL_VERDICT: HALLUCINATED"
124,Are Lucie Šafářová and Pavel Složil both Czech tennis players?,yes,"No, Pavel Složil is from Czechoslovakia, not the Czech Republic.","No, Pavel Složil is from Czechoslovakia, not the Czech Republic.","No, Pavel Složil is a Czechoslovakian, not just Czech.",Yes.,1,LOW,8.2,HALLUCINATED,"The gold answer states that both Lucie Šafářová and Pavel Složil are Czech tennis players. The model's answer, however, suggests that Pavel Složil is from Czechoslovakia, which is not correct. Czechoslovakia existed from 1918 to 1993, and after that, it split into the Czech Republic and Slovakia. Therefore, the model's answer is factually incorrect and does not convey the same factual content as the gold answer.

FINAL_VERDICT: HALLUCINATED"
125,What post apocalyptic action film based on a novel by Francis Lawrence was directoed by Neal H. Moritz?,I Am Legend,There is no factual answer to this question as it contains incorrect information.,There is no factual answer to this question as it contains incorrect information.,I couldn't find any information about a post-apocalyptic action film based on a novel by Francis Lawrence directed by Neal H. Moritz.,"There is no factual answer, as the provided context does not mention a post-apocalyptic action film directed by Neal H. Moritz, nor does it mention a Francis Lawrence novel.",1,LOW,13.9,HALLUCINATED,"The model's answer does not convey the same factual content as the gold answer. The gold answer provided the correct film title ""I Am Legend,"" which is the post-apocalyptic action film based on a novel by Francis Lawrence directed by Neal H. Moritz. The model's answer, however, states that there is no factual answer to the question, which is incorrect. 

FINAL_VERDICT: HALLUCINATED"
126,Space Island One starred what English actress who is married to roy battersby,Judy Loe,I couldn't find any information about Judy Loe being married to Roy Battersby.,I couldn't find any information about Judy Loe being married to Roy Battersby.,I couldn't find any information about a person named Roy Battersby being married to Judy Loe.,I couldn't find any information linking Judy Loe to Roy Battersby.,1,LOW,11.4,HALLUCINATED,"The model's answer indicates that there is no information about Judy Loe being married to Roy Battersby. This directly contradicts the gold answer, which claims that Judy Loe is married to Roy Battersby. Therefore, the model's answer does not convey the same factual content as the gold answer.

FINAL_VERDICT: HALLUCINATED"
127,Who directed a film that included Sarah Manninen?,Martha Coolidge,"Martha Coolidge directed the film ""The Prince and Me"".","Martha Coolidge directed the film ""The Prince and Me"".","Martha Coolidge directed the film ""The Prince and Me"" that included Sarah Manninen.","Martha Coolidge directed the film ""The Prince and Me"", which includes Sarah Manninen.",1,LOW,10.4,CORRECT,"To determine if the model's answer conveys the same factual content as the gold answer, we need to compare the core information provided in both responses.

The gold answer states that Martha Coolidge directed a film that included Sarah Manninen. The model's answer states that Martha Coolidge directed the film ""The Prince and Me,"" which also includes Sarah Manninen. 

The core information (that Martha Coolidge directed a film with Sarah Manninen) is present in both answers. The model's answer provides more specific information about the film title (""The Prince and Me""), but this does not change the fact that Martha Coolidge directed a film that included Sarah Manninen.

FINAL_VERDICT: CORRECT"
128,How much money did the owner of the 165 acre drumlin or the mansion that sits on the hill donate to the construction fund for the Benjamin Stickney Cable Memorial Hospital?,"$145,000",There is no information about the Benjamin Stickney Cable Memorial Hospital or a donation to its construction fund in the provided context.,There is no information about the Benjamin Stickney Cable Memorial Hospital or a donation to its construction fund in the provided context.,I couldn't find any information about the owner of the 165 acre drumlin or the mansion donating money to the construction fund for the Benjamin Stickney Cable Memorial Hospital.,There is no information about the Benjamin Stickney Cable Memorial Hospital or any donation to its construction fund in the provided context.,1,LOW,14.5,HALLUCINATED,"The model's answer does not convey the same factual content as the gold answer. The gold answer provides a specific amount of money ($145,000) that was donated to a construction fund for a specific hospital. The model's answer, however, states that there is no information about the Benjamin Stickney Cable Memorial Hospital or a donation to its construction fund in the provided context. This is a clear discrepancy in the factual content.

FINAL_VERDICT: HALLUCINATED"
129,Were James Lee Burke and William Faulkner from the same country?,yes,Yes.,"No, James Lee Burke and William Faulkner were not from the same country.",Yes.,Yes.,2,HIGH,6.8,CORRECT,"The gold answer states ""yes"" and the model's answer also states ""Yes."" Both answers convey the same factual content, which is a positive response to the question of whether James Lee Burke and William Faulkner were from the same country.

FINAL_VERDICT: CORRECT"
130,Kentucky is located in a region of america which constitutes as what?,one of the nine Census Bureau Divisions,East South Central States.,East South Central States.,The East South Central States.,East South Central States.,2,HIGH,5.8,HALLUCINATED,"The model's answer of ""East South Central States"" is not factually correct. The correct answer is that Kentucky is located in the ""East South Central Division,"" which is one of the nine Census Bureau divisions. The model's answer is a geographical region, while the gold answer specifies a division, which is a more precise and accurate classification.

FINAL_VERDICT: HALLUCINATED"
131,"270 Park Avenue and The Spiral, are located in which city?",New York City,New York City.,New York City.,New York City.,New York City.,3,HIGH,5.8,CORRECT,"The model's answer ""New York City"" is identical to the gold answer ""New York City"". 

The model's answer is worded differently but conveys the same factual content. Both provide the correct city name for the locations mentioned in the question.

FINAL_VERDICT: CORRECT"
132,In what city is George Washington University Hospital and Psychiatric Institute of Washington located?,"Washington, D.C.","Washington, D.C.","Washington, D.C.","Washington, D.C.","Washington, D.C.",3,HIGH,5.3,CORRECT,"The model's answer is identical to the gold answer, both stating that George Washington University Hospital and Psychiatric Institute of Washington is located in Washington, D.C. There is no factual discrepancy between the two answers.

FINAL_VERDICT: CORRECT"
133,Grazia and JJ are both what?,magazine,International editions of women's magazines.,International editions of women's magazines.,International magazines.,International women's fashion and lifestyle magazines.,1,LOW,6.6,CORRECT,"The gold answer ""magazine"" is a very specific and precise term for Grazia and JJ, which are indeed women's fashion and lifestyle magazines. The model's answer ""International editions of women's magazines"" is more general and includes a broader category of publications, but it still conveys the same general idea that Grazia and JJ are women's magazines. 

FINAL_VERDICT: CORRECT"
134,Jeremy Theobald and Christoper Nolan share what profession?,producer,Filmmaking.,Filmmaking.,Film production.,Film directing.,1,LOW,5.6,HALLUCINATED,"The gold answer states that Jeremy Theobald and Christopher Nolan share the profession of producer. Christopher Nolan is primarily known as a filmmaker and producer, while Jeremy Theobald is a producer. The model's answer of ""Filmmaking"" is too broad and does not specifically mention the producer role. 

FINAL_VERDICT: HALLUCINATED"
135," When was president of South Korea which  The Presidential Council on Nation Branding, Korea  lies under his direct control born ",24 January 1953,Moon Jae-in was born on 24 January 1953.,Moon Jae-in was born on 24 January 1953.,24 January 1953,24 January 1953.,1,LOW,7.7,HALLUCINATED,"The gold answer provides a specific date (24 January 1953) while the model's answer provides the name of the person (Moon Jae-in) along with the date. The model's answer is factually correct as Moon Jae-in was indeed born on 24 January 1953. However, the model's answer does not convey the same factual content as the gold answer, which only provides the date without the name of the person.

FINAL_VERDICT: HALLUCINATED"
136,"Danish ice hockey coach, Olaf Eller, is the father of Danish professional ice hockey player who was drafted by what team in the first round of the 2007 NHL Entry Draft?",St. Louis Blues,The St. Louis Blues.,The St. Louis Blues.,The St. Louis Blues.,The St. Louis Blues.,3,HIGH,8.4,CORRECT,"The model's answer, ""The St. Louis Blues"" is essentially the same as the gold answer, ""St. Louis Blues,"" with only a slight difference in capitalization. The core information conveyed is identical.

FINAL_VERDICT: CORRECT"
137,In what show did Cynthia Nixon receive the 2004 Primetime Emmy Award for Outstanding Supporting Actress in a Comedy Series and a Screen Actors Guild Award for her performance?,Sex and the City,"She received the awards for her performance in ""Sex and the City"".","She received the awards for her performance in ""Sex and the City"".",Sex and the City,Sex and the City.,1,LOW,8.7,CORRECT,"The model's answer ""She received the awards for her performance in 'Sex and the City'"" conveys the same factual content as the gold answer ""Sex and the City"" by correctly identifying the show Cynthia Nixon performed in that received the awards. The model's answer is a more concise and direct way of expressing the same information.

FINAL_VERDICT: CORRECT"
138,"What is the stage name for actor who co-stared the 2016 film ""Train to Busan"" with Jung Yu-mi and Ma Dong-seok?",Gong Yoo,Gong Yoo.,Gong Yoo.,"Gong Yoo is the stage name of the actor who co-starred in the 2016 film ""Train to Busan"" with Jung Yu-mi and Ma Dong-seok.",Gong Yoo.,2,HIGH,11.3,CORRECT,"The model's answer ""Gong Yoo"" is indeed the same as the gold answer ""Gold (correct) answer: Gong Yoo"". Both refer to the stage name of the actor who co-starred in the 2016 film ""Train to Busan"" with Jung Yu-mi and Ma Dong-seok.

FINAL_VERDICT: CORRECT"
139,"The Domestic Violence Offender Gun Ban, is an amendment to the Omnibus Consolidated Appropriations Act of 1997, the act is often referred to as ""the Lautenberg Amendment"" after its sponsor, Senator Frank Lautenberg, was a United States Senator, and member of the Democratic Party, from which state?",New Jersey,New Jersey.,New Jersey.,New Jersey.,New Jersey.,3,HIGH,6.6,CORRECT,"The model's answer ""New Jersey"" is indeed conveying the same factual content as the gold answer ""New Jersey"". Both statements are providing the same information - that the state where the Lautenberg Amendment was sponsored is New Jersey.

FINAL_VERDICT: CORRECT"
140,"Which rocket propelled weapon, sometimes referred to as the ""Stovepipe,"" did Colonel Leslie Alfred Skinner help develop?",Bazooka,The Bazooka.,The Bazooka.,The Bazooka.,The Bazooka.,3,HIGH,6.3,CORRECT,"The model's answer ""The Bazooka"" conveys the same factual content as the gold answer ""Bazooka,"" even though the gold answer includes the word ""sometimes referred to as the 'Stovepipe'"" which is not present in the model's answer. However, the core information about the weapon being the Bazooka is correct and consistent.

FINAL_VERDICT: CORRECT"
141,Lars Kristinus Larsen is the founder of the largest Danish retailer operating internationally with stores in how many countries?,41,41 countries.,41 countries.,41 countries.,41 countries.,3,HIGH,6.0,CORRECT,"The gold answer provides the number 41, indicating that Lars Kristinus Larsen's largest Danish retailer operates in 41 countries. The model's answer states ""41 countries,"" which is essentially conveying the same factual content as the gold answer, just with a slight difference in wording.

FINAL_VERDICT: CORRECT"
142,Where is the headquarters of the company who launched the Fridge advertising campaign?,"London, England","Diageo plc is headquartered in London, England.","Diageo plc is headquartered in London, England.",Diageo plc.,"London, England.",1,LOW,6.0,CORRECT,"The gold answer states that the headquarters is in London, England, and the model's answer identifies Diageo plc as headquartered in London, England. Both statements convey the same factual information, even though the model's answer provides more context by mentioning Diageo plc.

FINAL_VERDICT: CORRECT"
143,In what year was Louis Joseph de Frances's mother born?,1755,1755.,2 November 1755.,1755.,1755.,2,HIGH,5.8,CORRECT,"The model's answer is exactly the same as the gold answer, conveying the same factual content, even though it is worded differently. The only difference is the capitalization of ""Louis Joseph de Frances"" to ""Louis Joseph de Frances,"" which does not change the meaning or the year provided.

FINAL_VERDICT: CORRECT"
144,"The band who had the album ""Brujo"" came from what city?","San Francisco, California","San Francisco, California.","San Francisco, California.","San Francisco, California.","San Francisco, California.",3,HIGH,5.7,CORRECT,"The model's answer is identical to the gold answer, conveying the same factual content. The only difference is the order of the words ""San Francisco, California,"" which does not change the core information being conveyed.

FINAL_VERDICT: CORRECT"
145,Which television channel had a show set at a location adjacent to Silverado Ranch?,Travel Channel,ABC.,ABC.,"ABC had a show set at a location adjacent to Silverado Ranch, which was the setting for the Bronco series.","ABC had a show called Bronco, which was set at Silverado Ranch.",1,LOW,9.3,HALLUCINATED,"The model's answer of ""ABC"" is incorrect. The correct answer is ""Travel Channel."" The model's response does not convey the same factual content as the gold answer, even if worded differently. The gold answer provided the correct channel name, while the model's response is entirely wrong.

FINAL_VERDICT: HALLUCINATED"
146,What television adaptation contains a character who was also adapted into a 2005 superhero film?,Gotham,"The animated series ""Justice League"" contains a character who was also adapted into the 2005 superhero film ""Batman Begins"", however, it is more accurate to say it contains Superman, who was also adapted into the 2013 film ""Man of Steel"".","The animated series ""Justice League"" contains a character who was also adapted into the 2005 superhero film ""Batman Begins"", however, it is more accurate to say it contains Superman, who was also adapted into the 2013 film ""Man of Steel"".","The animated series ""Justice League""/""Justice League Unlimited"" contains a character who was also adapted into a 2005 superhero film.",The Justice League Unlimited television adaptation contains a character who was also adapted into a 2005 superhero film.,1,LOW,17.2,HALLUCINATED,"The model's answer introduces a new character (Superman) and a different film (Man of Steel) compared to the gold answer, which mentions Batman and Batman Begins. Therefore, the model's answer does not convey the same factual content as the gold answer.

FINAL_VERDICT: HALLUCINATED"
147,"What site, popular among spring breakers, were also places were Jeopardy! Collect Championship contestant searches was held?","Daytona Beach, Florida","Daytona Beach, Florida and Palm Springs, California.","Daytona Beach, Florida and Palm Springs, California.","Daytona Beach, Florida and Palm Springs, California.","Daytona Beach, Florida and Palm Springs, California.",3,HIGH,8.8,HALLUCINATED,"The gold answer states that the site popular among spring breakers and where Jeopardy! Collect Championship contestant searches were held is Daytona Beach, Florida. The model's answer includes Palm Springs, California, which is not mentioned in the gold answer. Therefore, the model's answer includes additional information that is not present in the gold answer.

FINAL_VERDICT: HALLUCINATED"
148,"The 2011 Copa del Rey was a specific type of rivalry, given this name to any match between which groups?",Real Madrid and FC Barcelona,Real Madrid and FC Barcelona.,Real Madrid and FC Barcelona.,Real Madrid and FC Barcelona.,Real Madrid and FC Barcelona.,3,HIGH,6.4,CORRECT,"The model's answer is identical to the gold answer, both stating that the 2011 Copa del Rey was a specific type of rivalry between Real Madrid and FC Barcelona. 

FINAL_VERDICT: CORRECT"
149,"Youthquake is the second album by the British pop group Dead or Alive, released in May 1985, the album was their commercial breakthrough in Europe and the United States, due to which lead single, which was the song was the first UK number-one hit by the Stock Aitken Waterman production trio?",You Spin Me Round (Like a Record),"""You Spin Me Round (Like a Record)"" was the lead single that was the first UK number-one hit by the Stock Aitken Waterman production trio.","""You Spin Me Round (Like a Record)"" was the lead single that was the first UK number-one hit by the Stock Aitken Waterman production trio.","""You Spin Me Round (Like a Record)"" was the lead single from Dead or Alive's album ""Youthquake"".","""You Spin Me Round (Like a Record)""",1,LOW,13.8,CORRECT,"The model's answer conveys the same factual content as the gold answer, even if it is worded differently. Both answers state that ""You Spin Me Round (Like a Record)"" was the lead single and the first UK number-one hit by the Stock Aitken Waterman production trio. The core information and the main point of the answer are identical.

FINAL_VERDICT: CORRECT"
